[
  {
    "id": "112ec119-80e8-4597-86ef-613446979c67",
    "data": [
      {
        "text": "sizzler",
        "userDefined": false
      }
    ],
    "isTemplate": false,
    "count": 0,
    "lang": "en",
    "updated": 0
  },
  {
    "id": "0b858c72-c228-48ba-bde8-371b426c307f",
    "data": [
      {
        "text": "soup",
        "userDefined": false
      }
    ],
    "isTemplate": false,
    "count": 0,
    "lang": "en",
    "updated": 0
  },
  {
    "id": "910a4a80-5009-4238-9908-73c86799ad20",
    "data": [
      {
        "text": "paneer tikka , ice cream",
        "userDefined": false
      }
    ],
    "isTemplate": false,
    "count": 0,
    "lang": "en",
    "updated": 0
  }
]